{
  "project_info": {
    "project_number": "698404806077",
    "firebase_url": "https://recipes-25bcc.firebaseio.com",
    "project_id": "recipes-25bcc",
    "storage_bucket": "recipes-25bcc.appspot.com"
  },
  "client": [
    {
      "client_info": {
        "mobilesdk_app_id": "1:698404806077:android:2ddfee1786b6def5",
        "android_client_info": {
          "package_name": "com.example.gabrielchapel.recipes"
        }
      },
      "oauth_client": [
        {
          "client_id": "698404806077-q6lgou52iidcm6s9rltoejofk4nvfs1m.apps.googleusercontent.com",
          "client_type": 1,
          "android_info": {
            "package_name": "com.example.gabrielchapel.recipes",
            "certificate_hash": "2400c327a660f96792998874309806a2d5fc5a2b"
          }
        },
        {
          "client_id": "698404806077-3g0u3ipsonf51gfsi4dbk0f0jds6cd9k.apps.googleusercontent.com",
          "client_type": 3
        }
      ],
      "api_key": [
        {
          "current_key": "AIzaSyAyh49c0ULhr9belJpjd8mFk9rBl23XejA"
        }
      ],
      "services": {
        "analytics_service": {
          "status": 1
        },
        "appinvite_service": {
          "status": 2,
          "other_platform_oauth_client": [
            {
              "client_id": "698404806077-ee9emh7qnksb281m091ilp5ibumv2j65.apps.googleusercontent.com",
              "client_type": 2,
              "ios_info": {
                "bundle_id": "ATLAS.Recipes"
              }
            },
            {
              "client_id": "698404806077-3g0u3ipsonf51gfsi4dbk0f0jds6cd9k.apps.googleusercontent.com",
              "client_type": 3
            }
          ]
        },
        "ads_service": {
          "status": 2
        }
      }
    }
  ],
  "configuration_version": "1"
}